<?xml version="1.0" encoding="UTF-8"?>
<con:soapui-project id="b8845dc2-a393-443e-be9d-90bea094e7e7" activeEnvironment="Default" name="REST Project 1" resourceRoot="" soapui-version="5.7.0" abortOnError="false" runType="SEQUENTIAL" xmlns:con="http://eviware.com/soapui/config"><con:settings/><con:interface xsi:type="con:RestService" id="e9b95d15-528c-43ea-b393-7f3c445d44ec" wadlVersion="http://wadl.dev.java.net/2009/02" name="https://restcountries.com" type="rest" xmlns:xsi="http://www.w3.org/2001/XMLSchema-instance"><con:settings/><con:definitionCache/><con:endpoints><con:endpoint>https://restcountries.com</con:endpoint></con:endpoints><con:resource name="Pen" path="/v2/currency/pen" id="546c56b6-6355-43cc-9fab-ef23a38f3957"><con:settings/><con:parameters/><con:method name="Pen 1" id="03b44fd7-c82e-45c9-9fec-6cc8e7f2f283" method="GET"><con:settings/><con:parameters/><con:representation type="RESPONSE"><con:mediaType>application/json</con:mediaType><con:status>200</con:status><con:params/><con:element>Response</con:element></con:representation><con:request name="Request 1" id="99860f6b-2ccc-43fb-b17f-af4e406fc9cc" mediaType="application/json"><con:settings><con:setting id="com.eviware.soapui.impl.wsdl.WsdlRequest@request-headers">&lt;xml-fragment/></con:setting></con:settings><con:endpoint>https://restcountries.com</con:endpoint><con:request/><con:originalUri>https://restcountries.com/v2/currency/pen</con:originalUri><con:credentials><con:authType>No Authorization</con:authType></con:credentials><con:jmsConfig JMSDeliveryMode="PERSISTENT"/><con:jmsPropertyConfig/><con:parameters/></con:request></con:method></con:resource></con:interface><con:testSuite id="02353432-7f76-443f-b838-df080f4ac7ed" name="TestSuite 1"><con:settings/><con:runType>SEQUENTIAL</con:runType><con:testCase id="45296c0d-654e-4274-86b8-62ad1ec976b3" failOnError="true" failTestCaseOnErrors="true" keepSession="false" maxResults="0" name="TestCase 1" searchProperties="true"><con:settings/><con:testStep type="groovy" name="Groovy Script" id="78b5b515-2386-41fc-ba27-06e483c600da"><con:settings/><con:config><script>import groovy.json.JsonSlurper

import jxl.*
import jxl.write.*

Workbook workbook = Workbook.getWorkbook(new File("C:\\Users\\ganes\\OneDrive\\Desktop\\udemy selenium\\M1089103 Comprahencive assessment\\soapui\\soapuifinalproject.xls"))


Sheet sheet = workbook.getSheet(0)
def gccn = sheet.getCell(1,1).getContents()
 def gs =  testRunner.testCase.getTestStepByName("requestGet1")
 gs.setPropertyValue("Endpoint", "https://restcountries.com/v2/currency/"+gccn)
 testRunner.runTestStepByName("requestGet1")
 testRunner.testCase.getTestStepByName("requestGet1").getPropertyValue("Response")</script></con:config></con:testStep><con:testStep type="httprequest" name="requestGet1" id="f1efba1e-6ab5-40b3-a4e6-ef0a1691da07"><con:settings/><con:config method="GET" xsi:type="con:HttpRequest" id="d4f3581c-52a5-4405-9150-bf4e9fe5f58c" name="requestGet1" xmlns:xsi="http://www.w3.org/2001/XMLSchema-instance"><con:settings><con:setting id="com.eviware.soapui.impl.wsdl.WsdlRequest@request-headers">&lt;xml-fragment/></con:setting></con:settings><con:endpoint>https://restcountries.com/v2/currency/pen</con:endpoint><con:request/><con:assertion type="GroovyScriptAssertion" id="86fb6628-ed4f-40de-a58c-3d10bb124185" name="Script Assertion"><con:configuration><scriptText>import groovy.json.JsonSlurper

def txt= messageExchange.response.responseContent

def script = new JsonSlurper().parseText(txt)

assert ["South America"] == script.subregion

assert ["Lima"] == script.capital</scriptText></con:configuration></con:assertion><con:credentials><con:authType>No Authorization</con:authType></con:credentials><con:jmsConfig JMSDeliveryMode="PERSISTENT"/><con:jmsPropertyConfig/><con:parameters/></con:config></con:testStep><con:properties/></con:testCase><con:properties/></con:testSuite><con:properties/><con:wssContainer/><con:oAuth2ProfileContainer/><con:oAuth1ProfileContainer/><con:sensitiveInformation/></con:soapui-project>